company_name | stock_name | filing_time | new_product | product_description
Apple Inc. | AAPL | 2024-10-31 |  Apple Watch Series 10 | The Apple Watch Series 10 is not an officially announced or released product from Apple Inc.. 
Apple Inc. | AAPL | 2024-10-31 |  AirPods 4 | AirPods (4th generation) is the latest version of Apple's wireless earbuds, featuring improved sound quality, longer battery life, and enhanced spatial audio capabilities.
Apple Inc. | AAPL | 2024-10-31 |  AirPods 4 | The AirPods 4 is an updated version of wireless earbuds, featuring improved sound quality, longer battery life, and enhanced noise cancellation, with new designs, colors, and features.
Apple Inc. | AAPL | 2021-04-28 |  iPad Pro | The iPad Pro is a line of tablets designed, developed, and marketed by Apple Inc.
Apple Inc. | AAPL | 2021-04-28 | All-new iMac | The all-new iMac is an innovative, sleek desktop computer featuring a stunning Retina display, powerful performance, and seamless integration with other Apple devices.
Apple Inc. | AAPL | 2019-07-30 | Apple Watch Series 8 | The Apple Watch Series 8 is a smartwatch designed, developed, and marketed by Apple Inc. It features enhanced health monitoring, improved performance, and new design elements compared to its predecessor.
Apple Inc. | AAPL | 2019-07-30 |  AirPods Pro (2nd Generation) | The AirPods Pro (2nd Generation) is a wireless earbuds offering active noise cancellation, water resistance, and seamless integration with Apple devices.
Apple Inc. | AAPL | 2018-11-01 |  Mac | The term "Mac" is actually an abbreviation for "Apple II Computer," which was one of the first successful mass-produced personal computers designed, developed, and sold by Apple Inc. However, I'm assuming you're referring to a more modern product.
Apple Inc. | AAPL | 2018-11-01 |  Apple Watch | The Apple Watch is a line of smartwatches developed, designed, manufactured, and marketed by Apple Inc.
Apple Inc. | AAPL | 2018-11-01 |  iPad | Tablet computer designed, developed, and marketed by Apple Inc.
Apple Inc. | AAPL | 2018-11-01 | iPhone | iPhone is a line of smartphones designed, developed, and marketed by Apple Inc.
Apple Inc. | AAPL | 2017-11-13 |  | I don't see a product mentioned. Please provide the name of the product you'd like me to describe, and I'll do my best to help!
Apple Inc. | AAPL | 2017-11-02 |  iPhone 8 Plus | The iPhone 8 Plus is a mid-range smartphone produced by Apple Inc., featuring a 5.5-inch display, dual cameras, and a 2716mAh battery.
Apple Inc. | AAPL | 2017-11-02 | iPhone 8 | The iPhone 8 is an Android smartphone manufactured by Samsung Electronics, released in 2017.
Apple Inc. | AAPL | 2017-11-02 |  Apple TV 4K | The Apple TV 4K is a digital media player designed to stream high-definition video content from various sources, including Apple devices and online services, directly to an HDTV.
Apple Inc. | AAPL | 2017-11-02 |  Apple Watch Series 3 | The Apple Watch Series 3 is a smartwatch designed by Apple Inc.
Apple Inc. | AAPL | 2015-04-27 |  Mac & App Store | The Mac App Store is an online digital distribution platform developed by Apple Inc., allowing users to browse, purchase, and download apps for their Mac computers.
Apple Inc. | AAPL | 2015-04-27 | iPhone | Apple's iPhone is a line of smartphones designed, developed, and marketed by Apple Inc.
Apple Inc. | AAPL | 2015-04-27 | Apple Watch | The Apple Watch is a line of smartwatches developed by Apple Inc.
Apple Inc. | AAPL | 2015-04-27 |  Mac & App Store | The Mac App Store is an online store where users can purchase, download, and install third-party software applications for their Mac computers from Apple's iTunes Store, or through the Mac App Store app on the device.
Apple Inc. | AAPL | 2015-04-27 | iPhone | iPhone is a line of smartphones designed, developed, and marketed by Apple Inc.
Apple Inc. | AAPL | 2015-04-27 | Apple Watch | The Apple Watch is a smartwatch developed by Apple Inc., featuring a touchscreen display, fitness tracking capabilities, and integration with iOS devices.
NVIDIA CORP | NVDA | 2024-02-21 | AI | Artificial Intelligence (AI) is a software system designed to simulate human intelligence, enabling machines to learn, reason, and interact with data in a more intelligent way.
NVIDIA CORP | NVDA | 2023-11-21 |  NVIDIA GH200 Grace Hopper Superchips | I couldn't find any information on NVIDIA GH200 Grace Hopper Superchips being a real product or technology developed by NVIDIA Corporation. 
NVIDIA CORP | NVDA | 2023-11-21 | NVIDIA H200 Tensor Core GPU | The NVIDIA H200 Tensor Core is not a confirmed or publicly released product from NVIDIA Corp.
NVIDIA CORP | NVDA | 2023-11-21 |  NVLink H100 Tensor Core GPUs | I couldn't find any information on an NVIDIA product called "NVLink H100 Tensor Core GPUs". NA
NVIDIA CORP | NVDA | 2023-11-21 |  I can guide you on how to find the information you're looking for.
NVIDIA CORP | NVDA | 2023-08-23 |  I can try to help you identify the full name of the products being launched. | I'd be happy to help! Please provide more context or information about the product(s) being launched, such as any notable features, releases dates, or advertising slogans. This will allow me to try to identify the full name of the product(s).
NVIDIA CORP | NVDA | 2023-08-23 |  you would need to look for a section in the 8-K filing that specifically mentions new product launches or announcements of new products. This information is often found in the "Business Combination" or "Other Material Events" sections.
NVIDIA CORP | NVDA | 2023-08-23 |  and other material changes in the company's operations.
NVIDIA CORP | NVDA | 2023-08-23 |  which would include the full name of the products being launched.
3. Contact the company directly: You can reach out to the company's investor relations or marketing department to ask about the product names.

If you provide me with more context or information about the 8-K filing you're referring to | Since I don't have any additional context or information about the 8-K filing, I will reply:

NA
NVIDIA CORP | NVDA | 2023-08-23 |  I can suggest some general steps you could take:

1. Check the SEC website: You can search for the 8-K filing on the Securities and Exchange Commission (SEC) website.
2. Look for the company's press release: The company may have issued a press release announcing the product launch | This product is not from NVIDIA Corporation. Reply with "NA".
NVIDIA CORP | NVDA | 2021-05-26 | GeForce RTX 3060 Laptop GPU system | The GeForce RTX 3060 is a laptop-grade graphics processing unit (GPU) designed for gaming laptops. It features the RTX 3060 GPU with 3840 CUDA cores, providing high-performance graphics capabilities, ray tracing, and artificial intelligence-enhanced gaming experiences.
NVIDIA CORP | NVDA | 2021-05-26 |  RTX 3070 | NVIDIA GeForce RTX 3070 is a high-end graphics processing unit (GPU) designed for gaming and computing applications, featuring advanced ray tracing, artificial intelligence, and variable rate shading technologies.
NVIDIA CORP | NVDA | 2021-05-26 |  RTX 3060 Ti | The NVIDIA GeForce RTX 3060 Ti is a high-performance graphics card that offers impressive gaming performance, ray tracing, and artificial intelligence-enhanced features.
NVIDIA CORP | NVDA | 2021-05-26 | RTX 3080 | NVIDIA's flagship graphics processing unit (GPU) for consumer and gaming markets, known for its exceptional performance, power efficiency, and advanced features such as ray tracing and AI-enhanced capabilities.
NVIDIA CORP | NVDA | 2021-05-26 | GeForce RTXTM 3060 Laptop GPU systems. | The GeForce RTX 3060 Laptop GPU is a laptop graphics processing unit (GPU) designed by NVIDIA Corporation for mobile devices. It's a mid-range to high-performance GPU that offers improved gaming performance, ray tracing, and AI-enhanced features compared to its predecessor.
NVIDIA CORP | NVDA | 2019-06-17 |  I can guide you on how to find the information yourself.

If you're looking for the full name of products being launched | Product Name: NVIDIA CORP
NVIDIA CORP | NVDA | 2019-06-17 |  and I'll do my best to assist you. | I'm ready to help. What's the description?
NVIDIA CORP | NVDA | 2019-06-17 |  and other significant events.

Please provide me with more context or information about the company and the filing you're referring to | I don't have enough information to provide a description of a product made by NVIDIA CORP. Can you please provide more context or details about the specific product or event you are referring to? I'll do my best to assist you.
NVIDIA CORP | NVDA | 2019-06-17 |  which include details about mergers | I'm not aware of any specific product from NVIDIA CORP that is specifically described as "mergers." NVIDIA CORP primarily develops graphics processing units (GPUs), high-performance computing hardware, and artificial intelligence (AI) technologies.

If you're referring to a specific product or technology related to mergers and acquisitions, I'd be happy to try and help further.
NVIDIA CORP | NVDA | 2019-01-28 | GeForce RTX 2060 | The GeForce RTX 2060 is a mid-range graphics processing unit (GPU) from NVIDIA Corp., designed for gaming, content creation, and other compute-intensive tasks.
NVIDIA CORP | NVDA | 2019-01-28 | GeForce RTX 2060 | The GeForce RTX 2060 is a high-performance graphics card from NVIDIA Corp., offering advanced features such as ray tracing and AI-enhanced rendering capabilities.
NVIDIA CORP | NVDA | 2018-11-15 | RAPIDS for m | I couldn't find any information on a product called "RAPIDS for m" made by NVIDIA Corp. 

NA
NVIDIA CORP | NVDA | 2018-11-15 | RAPIDS for machine learning | RAPIDS is an open-source software development kit (SDK) for GPU-accelerated machine learning (ML) and deep learning (DL) developed by NVIDIA Corporation.
NVIDIA CORP | NVDA | 2018-11-15 |  RTX series | The RTX series is NVIDIA's line of graphics processing units (GPUs) that incorporate real-time ray tracing, artificial intelligence, and variable rate shading technologies, providing enhanced gaming and compute performance.
NVIDIA CORP | NVDA | 2018-11-15 |  DGX systems | DGX systems are high-performance datacenter-accelerated computing solutions designed to accelerate AI workloads on GPUs from NVIDIA Corporation.
NVIDIA CORP | NVDA | 2018-11-15 |  RAPIDS | I couldn't find any information on a product called "RAPIDS" specifically developed or published by NVIDIA Corp.
NVIDIA CORP | NVDA | 2018-11-15 |  NVIDIA GPUs | NVIDIA GPUs are high-performance graphics processing units designed to accelerate various tasks such as gaming, professional video editing, and deep learning computations, offering superior graphics quality, performance, and energy efficiency.
NVIDIA CORP | NVDA | 2018-11-15 | T4 | T4 is an Ampere-based datacenter GPU accelerator card from NVIDIA Corporation.
NVIDIA CORP | NVDA | 2018-11-15 | RAPIDS for m | I couldn't find any information on a product called "RAPIDS for m" from NVIDIA CORP.
NVIDIA CORP | NVDA | 2017-02-09 |  Quadro P5000 | The Quadro P5000 is a high-end professional graphics card designed for workstations, offering enhanced performance and features for professionals in fields such as engineering, architecture, and video production.
NVIDIA CORP | NVDA | 2017-02-09 | Quadro GP100 | The Quadro GP100 is a professional-grade graphics processing unit (GPU) designed for high-performance computing, datacenter, and enterprise applications, offering enhanced performance and power efficiency for complex workloads.
NVIDIA CORP | NVDA | 2016-12-13 |  such as the company name or a specific product launch announcement. I'll do my best to help once I have that information. | I'm ready when you are. Go ahead and provide the description.
NVIDIA CORP | NVDA | 2016-12-13 | I don't have access to real-time information or specific documents like 8-k filings. Please provide more context or information about the 8-k filing you're referring to | Since I couldn't find any specific information on an 8-K filing related to a product from NVIDIA CORP, my response is: NA.
NVIDIA CORP | NVDA | 2016-08-11 | I can't assist you with this request as I don't have access to an 8-K document. If you provide the content of the 8-K document | I'm happy to help with your request! However, I need some clarification.

Unfortunately, I still don't have access to an 8-K document. If you could provide me with the content of the 8-K document, I'd be more than happy to assist you in identifying a product made by NVIDIA CORP.

If you can't provide the content, please let me know and I'll do my best to help with your original request.
NVIDIA CORP | NVDA | 2016-08-11 |  | I'm ready to assist. What's the product?
NVIDIA CORP | NVDA | 2016-08-11 |  NVIDIA Ansel | NVIDIA Ansel is a photo mode feature that allows users to capture and share high-quality photos of games and other in-game content.
NVIDIA CORP | NVDA | 2016-08-11 |  NVIDIA VRWorks | NVIDIA VRWorks is a software suite used to develop and optimize virtual reality (VR) experiences for PC-based systems.
NVIDIA CORP | NVDA | 2016-08-11 |  | I'm happy to help, but I don't see any information about a specific product. Can you please provide more details or context about the product you're referring to? Is it related to NVIDIA CORP's technology, such as GeForce graphics cards, Quadro workstations, or something else?
NVIDIA CORP | NVDA | 2016-05-12 |  | I'm happy to help, but I don't see a product mentioned. Could you please provide the name of the product you'd like me to describe?
NVIDIA CORP | NVDA | 2016-05-12 |  | I'm happy to help, but I don't see any product information provided. Can you please provide more details about the product you're referring to? Is it related to NVIDIA CORP's products (e.g., GeForce graphics cards, Tesla AI chips, etc.)?
Microsoft Corp | MSFT | 2024-12-03 |  which should list the full names of the products being launched. You can also try searching online for news articles or press releases related to the company's product launch.

If you provide more context or information about the company and the 8-K filing | Unfortunately, I don't have enough information to provide a specific description of products being launched. Can you please provide more context or details about the company that filed an 8-K statement? Is it Microsoft Corp specifically? If so, which product(s) are they launching?
Microsoft Corp | MSFT | 2024-12-03 |  you can look for the "Product Launches" or "New Products" section | I'm happy to help, but I don't see a specific product mentioned in your query. Could you please provide more details about the product you're looking for? Is it a software, hardware, or something else?

If you'd like to play along with the original prompt, I can try to find some general information on Microsoft products that have launched recently. However, without more specific information, it's difficult for me to provide an accurate answer.

If you could provide more context or clarify what product you're looking for, I'll do my best to assist you!
Microsoft Corp | MSFT | 2024-12-03 |  I can suggest some general guidance on how to find the information you're looking for.

If you have a copy of the 8-K filing or access to it through a financial database or website | This text appears to be an automated response indicating that the requested information ( likely about a specific company's 8-K filing) is not a Microsoft product.
Microsoft Corp | MSFT | 2024-12-03 | This appears to be a financial report in XML format | Financial Report in XML Format
Microsoft Corp | MSFT | 2024-12-03 |  including one for reportable segment disclosures and another for income tax disclosures.
5. **Lessee Operating Leases**:
	* Microsoft has lessee operating leases with renewal terms ranging from 1 to 10 years.
6. **Options to Terminate Leases**:
	* The company has options to terminate certain lessee operating leases | Since the text does not describe any actual products made by Microsoft Corp, I will provide descriptions for reportable segment disclosures and income tax disclosures:

**Reportable Segment Disclosures:**
Microsoft's reportable segments are Cloud and Enterprise Licensing, Productivity and Business Processes, Intelligent Cloud, and More Personal Computing. These segments report their results separately to allow investors and stakeholders to understand the performance of each business area.

**Income Tax Disclosures:**
Microsoft provides disclosures related to its income tax arrangements with various jurisdictions, including the United States, Switzerland, Singapore, Ireland, Netherlands, Luxembourg, Belgium, Denmark, Finland, Hungary, Czech Republic, Slovakia, Portugal, Puerto Rico, and Israel. The company discloses information about its tax credits, deductions, and deferred tax balances for each jurisdiction.
